text_quality_assigned,junk_reason,year,job_title,employer,full_text_length,stub_description,full_text,reviewer_verdict,reviewer_notes
rich_full_text,,2023,Precinct Manager,Board of Voter Registration and Elections,4605.0,"Precinct Manager, North Charleston, South Carolina— Are you passionate about democracy and civic engagement? Join us as a Precinct Manager at the Board of Elections and play a pivotal role in ensuring smooth and efficient elections! Welcome to the Board of Voter Registration and Elections, where we are not just an agency, but a dynamic force committed to excellence in democracy. As an award-winnin","=== JOB DETAILS ===

Title: Precinct Manager
Salary: $64,209.00 - $84,146.00 YEAR
Location: North Charleston, SC, SC, 29405
Employer: Charleston County Government
Employment Type: FULL_TIME
Date Posted: 2023-12-06
Job Type: Full-Time
Job Number: EV208995
Department: Board of Voter Registration & Elections
Opening Date: 12/07/2023

BENEFITS:
  • Health, Dental, Vision and Life Insurance
  • Optional Life and Disability Insurance
  • Optional Medical and Dependent Care Spending Accounts
  • Annual and Sick Leave
  • Fourteen (14) recognized Holidays
  • South Carolina Retirement System (SCRS) State Retirement Plan
  • Police Officers Retirement System (PORS - as applicable)
  • Optional Deferred Compensation Program
  • Longevity and Merit Pay Increases
  • Optional Federal Credit Union Membership
  • Leadership, Professional and Skill Development Training
  • Employee Assistance Program
  • Employee Well-being Program

For more information, visit our
benefits page
.

=== JOB DESCRIPTION ===

Are you passionate about democracy and civic engagement? Join us as a Precinct Manager at the Board of Elections and play a pivotal role in ensuring smooth and efficient elections!

Welcome to the Board of Voter Registration and Elections, where we are not just an agency, but a dynamic force committed to excellence in democracy. As an award-winning organization, we pride ourselves on our relentless pursuit of improvement to better serve the voters in our community. A major way this is done is through the recruitment and management of those who serve as poll managers. At the heart of our mission is an unyielding dedication to organizing elections with precision, fairness, and strict adherence to the law.

Why Join Us:

1. Pioneers in Electoral Excellence:

We are not just an office; we are pioneers in electoral excellence. Our track record as an award-winning agency speaks volumes about our commitment to providing the best service to our voters.

2. Continuous Improvement:

We bel",,
rich_full_text,,2014,Project Coordinator,Future of California Elections,4805.0,"Project Coordinator, Future of California Elections, Los Angeles — the Future of California Elections (FoCE) seeks a temporary full-time Project Coordinator to serve as a California-based staff person responsible for administration and program support of all the activities of the Future of California collaboration, a coalition of election officials, civil rights organizations and reform advocates ","Mission
The Future of California Elections (FoCE) Network is a nonpartisan network of election officials, reform advocates, civil rights organizations, and civic engagement groups collaborating to advance effective and inclusive election policies and practices.
Our Commitment to Inclusion
The Future of California Elections Network participants work to advance election policies and practices that ensure access to our democracy for all voters regardless of demographics, including race/ethnicity, disability, language, age, sexual orientation, gender and gender identity, socioeconomic status, geography, political preference, or religion. Furthermore, the Network holds itself accountable to ensuring full diversity, equity, and inclusion in its own structure and activities.
The Future of California Elections Network builds on the work of Future of California Elections, the nonprofit. FoCE the nonprofit worked from 2011 to 2020 to build collaboration between election officials and nonprofits with dual goals of modernizing elections and expanding participation.
FoCE held a space for thoughtful election policy discussions among a diversity of voices; was known for inclusive annual conferences and educational events; and was a trusted source for best practices and plain language voter education materials.
This Election Library, developed as the nonprofit closed at the end of 2020, holds the body of work developed by FoCE and its partners under its cross-sector collaboration model. It includes videos, reports, toolkits, sample documents and more. The archive is organized by the categories of FoCE’s work but the Search Bar allows for easy navigation to all resources.
We hope it serves election officials, nonprofits and other partners working in collaboration to strengthen our democracy.
Testimonials
“FoCE proved to be an extraordinary group that impacted California election policy, improved voter education, assisted elections officials in implementing new voter programs like sa",,
rich_full_text,,2019,Support Specialist-Elections,"Marion County, Oregon",7516.0,"Support Specialist-Elections, Marion County, Oregon— Journey level classification of the Information Services series, which applies specialized knowledge in department wide, multiple software applications; conducts training sessions; assists in design of systems and applications, and recommend policy or procedural changes to ensure effectiveness and efficiency of systems; provides technical assist","=== JOB DETAILS ===

Salary: $21.68 - $29.02 Hourly
Location: Salem, OR
Job Type: Full-time Regular
Job Number: 650-2019-1
Department: Clerk - Elections
Opening Date: 01/18/2019
Closing Date: 2/4/2019 11:59 PM Pacific
FLSA: Non-Exempt
Bargaining Unit: 08

=== JOB DESCRIPTION ===

GENERAL STATEMENT OF DUTIES
Journey level classification of the Information Services series, which applies specialized knowledge in department wide, multiple software applications; conducts training sessions; assists in design of systems and applications, and recommend policy or procedural changes to ensure effectiveness and efficiency of systems; provides technical assistance in and facilitates the use of computer hardware and software for a department; and performs related work as required. 
 
SUPERVISION RECEIVED
Works under the general supervision of the Elections and Recording Manager who assigns work, establishes goals, and reviews work for conformance to technical standards and compliance with department goals.
 
SUPERVISION EXERCISED
Supervision of other employees is not a responsibility of positions in this classification; however, may exercise lead direction over other technical or clerical staff.

Provide technical assistance to three divisions of the Clerk's Department: Elections, Recording and Board of Property Tax Appeal (BOPTA); assists users with problems, tracks program area problems and monitors system for efficiency and effectiveness; recommends procedural changes, hardware and/or software changes or enhancements; answers a variety of routine and complex computer related questions from users; researches and recommends the purchase of hardware and software; tests new software before implementation; installs computer software upgrades, performs some hardware maintenance and writes and maintains user documentation.  Development, enhancements and updates to web sites for entire Clerk's Department (three divisions).
Programing, training and testing of proprietary election ball",,
rich_full_text,,2025,Election Operations & Workforce Manager,Charleston County,5599.0,"Election Operations & Workforce Manager, Charleston County, South Carolina–  The Board of Voter Registration and Elections is an award-winning organization dedicated to excellence in electoral processes. Our mission is to daily serve the Charleston County voting constituency with Vigilance, Objectivity, and Transparency in a manner that promotes due diligence Excellence in all aspects of Elections","=== JOB DETAILS ===

Title: Election Operations &amp; Workforce Manager
Salary: $68,140.00 - $89,252.00 YEAR
Location: Lonnie Hamilton Public Services Building, SC, SC, 29405
Employer: Charleston County Government
Employment Type: FULL_TIME
Date Posted: 2025-09-09
Job Type: Full-Time
Job Number: EV210482
Department: Board of Voter Registration & Elections
Opening Date: 09/10/2025

BENEFITS:
  • Health, Dental, Vision and Life Insurance
  • Optional Life and Disability Insurance
  • Optional Medical and Dependent Care Spending Accounts
  • Annual and Sick Leave
  • Fourteen (14) recognized Holidays
  • South Carolina Retirement System (SCRS) State Retirement Plan
  • Police Officers Retirement System (PORS - as applicable)
  • Optional Deferred Compensation Program
  • Longevity and Merit Pay Increases
  • Leadership, Professional and Skill Development Training
  • Employee Assistance Program
  • Employee Well-being Program

For more information, visit our
benefits page
.

=== JOB DESCRIPTION ===

Are you driven by a passion for democracy and civic engagement? Join the Board of Voter Registration and Elections as the Election Operations and Workforce Manager and play a critical role in delivering seamless, fair, and accessible elections.  

About Us  

The Board of Voter Registration and Elections is an award-winning organization dedicated to excellence in electoral processes. Our mission is to daily serve the Charleston County voting constituency with Vigilance, Objectivity, and Transparency in a manner that promotes due diligence Excellence in all aspects of Elections Management.  

We are committed to continuous improvement, innovative practices, and exceptional service to our community, ensuring every voter’s voice is heard.  

Why Join Us?  

Leaders in Excellence: As an award-winning agency, we set the standard for integrity and voter service.  
Grow With a Mission-Driven Team: We don’t just run elections—we’re committed to improving them. If you’re looking for",,
rich_full_text,,2015,Election Services Technician,Contra Costa County,3105.0,"Election Services Technician, Contra Costa County, California — current vacant positions will be assigned to one of the specialized units of the Elections Department: Candidate and Voter Services; Voter Registration Services and File Maintenance; Absentee Services/Training and Procedures; Polling Place/Poll Worker Recruitment/Precinct Services; G.I.S. and Mapping Services; and Warehouse and Equipm","- County Home
- Departments & Offices
- Departments & Offices E-Z
- Human Resources
Human Resources Department
Overview
The Human Resources Department's mission is to support each County department in providing services to our community by attracting and retaining a highly skilled and diversified workforce that is fairly compensated and rewarded for its efforts in an equitable and responsible work environment. Human Resources is comprised of four program areas: Administration, Employee Benefits, Talent and Development (previously Personnel Services), and Human Resources Systems Management.
Administration
Administration develops, administers, and monitors the annual budget, general purchasing, countywide contracts, and accounts payable and accounts receivable activities. It formulates countywide Human Resources policies and procedures, consults on Human Resources and Merit Board issues, administers countywide contracted temporary workers, and manages the preemployment fingerprinting and I-9 processes.
Employee Benefits
Employee Benefits administers competitive benefit programs and services that contribute to the health and wellbeing of County employees and retirees. The mix of insured and self-insured programs include Medical, Dental, and Vision Insurance, State Disability Insurance, 457(b) Deferred Compensation Plan, Health Care Spending Account, Health Savings Account, Supplemental Life Insurance, Unemployment Insurance, Dependent Care Assistance Program, CVC Eye Screening Program, and the Employee Assistance Program. ADA Program and Leaves of Absence Program management provide guidance, support and training to departments on the variety of laws which govern their use.
Talent and Development
Talent and Development provides innovative, responsive, fair, and consistent recruitment and selection services to departments, employees, and job applicants to ensure that the County employs, develops, and retains a qualified and diverse workforce that delivers essential servi",,
rich_full_text,,2022,Program Manager III (Director of Election Reform and Management),Maryland State Board of Elections,3145.0,"Program Manager III (Director of Election Reform and Management), Maryland State Board of Elections— The Director of the Election Reform and Management Division manages and supports the State’s implementation of the Help America Vote Act, Uniformed and Overseas Citizens Absentee Voting Act, and other federal election laws, develops and implements efforts to improve election administration, and ove","PROGRAM MANAGER III
Director of Election Reform and Management
Recruitment #22-005478-0016
| Department | SBE Help America Vote Act |
|---|---|
| Date Opened | 5/6/2022 11:45:00 AM |
| Filing Deadline | 6/6/2022 11:59:00 PM |
| Salary | $66,516.00 - $108,929.00/year |
| Employment Type |
Full-Time
|
| HR Analyst | Shermaine Malcolm |
| Work Location |
Anne Arundel
|
GRADE
LOCATION OF POSITION
Main Purpose of Job
POSITION DUTIES
MINIMUM QUALIFICATIONS
DESIRED OR PREFERRED QUALIFICATIONS
Preference will be given to applicantsÂ who possess the following preferred qualification(s).Â Include clear and specific information on your application regardingÂ your qualifications.
1. Knowledge of elections in Maryland and experience administering an election
2. Detail oriented, good organizational skills and strong verbal and writing skills
3. Experience working in a fast-paced, deadline driven environment
4. Experience supervising employees or volunteers
5. Experience in public speaking
6. Experience in facilitating meetings with stakeholders
7. A law degree or graduate degree in public administration or public policy
SELECTION PROCESS
Please make sure that you provide sufficient information on your application to show that you meet the qualifications for this recruitment. All information concerning your qualifications must be submitted by the closing date.Â We will not consider information submitted after this date.Â Successful candidates will be ranked as Best Qualified, Better Qualified, or Qualified and placed on theÂ eligible (employment) list for at least one year.
EXAMINATION PROCESS
The assessment may consist of a rating of your education, training, and experience related to the requirements of the position.Â It is important that you provide complete and accurate information on your application.Â Please report all experience and education that is related to this position.
BENEFITS
FURTHER INSTRUCTIONS
Online applications are highly recommended. However, if you
are unabl",,
rich_full_text,,2024,Assistant Director,Utah County,7407.0,"Assistant Director, Utah County, Utah– Under general guidance and supervision of the Elections Director, assists with administering elections functions within the Office of the County Clerk, including voter registration and service, electronic voting system, candidate services, and the full elections process for Utah County. Incumbents serving in this classification represent the Elections Directo","Utah County
Human Resources
The Value of Public Service Employment is vital to the success of our state, county, and local communities.
Employee Hub
If you're a Utah County employee, please log in for more HR resources. You'll gain access to HR forms, policies, information about the Wellness program, and more.
Work Here!
Join the team at Utah County Government and make a difference in your community! We offer a wide range of career opportunities where you can contribute your skills, grow professionally, and enjoy competitive benefits. Whether you're passionate about public service, technology, healthcare, or administration, there's a place for you here. Explore our open positions and apply today to start building a rewarding career.
Compensation & Benefits
Utah County is proud to offer a comprehensive benefits package to eligible, career-service employees who work 20 or more hours per week. Our compensation resource includes pay steps and salary amounts.
Employee of the Month
View AllJanuary 2026: Kaylie Lake
It is with great pleasure that we recognize Kaylie Lake as Utah County Health Department’s Employee of the Quarter. Since joining the department, Kaylie has consistently demonstrated excellence, innovation, and dedication in her role as a Health Educator. Her work has had a measurable impact on food access, public health education, and community engagement across the region. Kaylie’s leadership in grant writing and coalition building has been instrumental in advancing health equity. Notable accomplishments include:
• Securing a $25,000 grant to develop a Healthy Food Access Action Plan. • Founding and leading the Mountainlands Regional Food Access Steering Committee. • Serving as Treasurer for the Utah Chapter of the Society of Public Health Education. • Establishing partnerships that support food security, nutrition education, and breastfeeding accommodations.
Her work spans a wide range of initiatives—from promoting farmers markets and SNAP benefits to suppor",,
rich_full_text,,2024,Elections Technology Specialist,McLennan County,6948.0,"Elections Technology Specialist, McLennan County, Texas– Under supervision of the Elections Administrator, the Elections Technology Specialist performs complex and technical duties related to activities in overseeing the County’s voting equipment by creating each election’s ballot using ballot origination software, programing and testing the County’s voting equipment with each elections ballot, pr","=== JOB DETAILS ===

Title: ELECTIONS TECHNOLOGY SPECIALIST
Salary: $19.92 - $31.72 HOUR
Location: TX, TX, TX, 76701
Employer: McLennan County (TX)
Employment Type: FULL_TIME
Date Posted: 2024-06-05
Job Type: Full-Time
Department: ELECTIONS ADMINISTRATION
Opening Date: 06/06/2024
Closing Date: 7/24/2024 8:59 AM Central
FLSA: Non-Exempt

=== JOB DESCRIPTION ===

Under supervision of the Elections Administrator, the Elections Technology Specialist performs complex and technical duties related to activities in overseeing the County’s voting equipment by creating each election’s ballot using ballot origination software, programing and testing the County’s voting equipment with each elections ballot, processing and scanning returned mail-in ballots with the Ballot Board, and maintaining the County’s voting equipment after each election.

Creates each election’s ballot utilizing vendor ballot origination software. Programs voting equipment once ballots have been created
Assists Elections Administrator with proofing and testing the ballot implementations using a State mandated Logic and Accuracy test
Maintains voting equipment inventory and ePollbook laptops. Conducts back up and reset of electronic voting equipment
Maintains and updates Election website and social media accounts pertinent to voting information and ensuring ADA compliance
Assists with planning, directing, coordinating and supervising the electronic process, ensuring that all voter and election records and files are prepared and maintained in a legal manner
Fulfills open records requests pertaining to election records
Operates delivery truck; driving to deliver and pick up Election Day equipment which involves disassembling and reassembling electronic components
Trains and leads election workers in operating voting equipment, as well as other aspects of the Elections office
Compiles State required reports, backups, and audit logs for each election
Provides technical guidance to other Elections staff regardi",,
marginal_full_text,,2017,IT Specialist,Collier County,599.0,"IT Specialist, Collier County, Florida — the IT Support Specialist works closely with IT staff to provide technical support and assistance to all staff located within the Supervisor of Elections office. This person will work with a wide variety of elections industry specific technologies to include hardware, software, programming, printers, and applications. In addition, this person will be provid","Special Notice: The City of Naples Canvassing Board will be conducting the manual audit for the City of Naples Election on February 11, 2026 at 10:00 a.m. Read on...
At approximately 7:30 p.m. tonight, the Collier County Supervisor of Elections office will post the first set of preliminary election results on their website: CollierVotes.gov and on their social media pages. Read on...
Today is Election Day and is the last opportunity to vote in the City of Naples Election. Only voters residing within the city limits of the City of Naples are eligible to participate in this election. Read on...",,
marginal_full_text,,2025,Chief Financial Officer II,New Mexico Secretary of State,2109.0,"Chief Financial Officer II, New Mexico Secretary of State– The Chief Financial Officer (CFO) serves as a key member of the executive leadership team for the Office of the Secretary of State, providing strategic direction and oversight for all financial and budgetary operations. This position ensures fiscal integrity, compliance with state and federal regulations, and responsible stewardship of pub","Voting & Elections
Information on Voting and Elections in the State of New Mexico.
Candidates & Campaigns
Information on how to become a candidate and about complying with campaign finance disclosure and reporting requirements.
Legislation, Lobbying & Legal Resources
Learn about Lobbying in our state. Find Legislative information to include Signed & Chaptered Bills and Legal Resources.
Business Services
Start a business, maintain a business or get general information on registered businesses in New Mexico.
Notary & Apostille
Become a notary, renew your notary commission, or obtain information about apostilles or certification of official documents.
Commercial Services
File UCC's, AG Liens, register a trademark or other commercial filings.
Safe at Home
New Mexico’s statewide address confidentiality program administered by the Secretary of State to assist victims of domestic violence, sexual assault, stalking or similar types of crimes to receive mail using the Secretary of State’s address as a substitute for their own.
Cybersecurity
Learn about how we protect your voter and business information. You might also find a tip or two that will help you secure your information as well.
About New Mexico
Learn about New Mexico Government, History, State Symbols, State Songs and other important information about our state.
Unofficial Election Results
Results will become available after 7 PM on Election Day, November 2, 2021 and will be posted as they are received from the county offices.
Election Results Homepage
Election Day Voter Hotline
Toll Free: 1-800-477-3632
Santa Fe: 505-827-3600 Option 2
The Election Day Voter Hotline is available on Election Day, November 2, from 7:00 AM to 7:00 PM to assist voters with questions or concerns.
Voter Resources
Online voter resources include:
About the office
Job Openings at the Secretary of State’s Office
Currently, there are no job openings. Please check back later.
Upcoming Statewide Elections
2026 Municipal Officer Election: Tuesday",,
marginal_full_text,,2016,Research Specialist (Junior Specialist),UC Davis Center for Regional Change,1111.0,"Research Specialist (Junior Specialist), California Civic Engagement Project at the UC Davis Center for Regional Change — under general supervision of the Director of the CCEP, the research specialist will work as a researcher on CCEP projects. Position includes statistical research, data research, data management, event coordination and other duties as needed. 85% RESEARCH: Work in statistical so","Skip to main content
Menu
UC Davis Center for Regional Change
Open Search
Search
Quick Links
+
myUCDavis
MyAdmissions
Make a Gift to UC Davis
UC Davis Stores
Alumni
Student Health
Commencement
Schedule Builder
General Catalog
Canvas
Academic Dates
Athletics
Jobs
Apply
Visit
Calendar
Campus Map
Emergency Services
Directory
Campus COVID Information
Student Parents
Main navigation (extended config)
About Us
Faculty Affiliates
Current Affiliates
Past Affiliates
Staff
CRC Student Scholars
Projects
Current Projects
Environmental Justice
AB 617
Land Use, Transportation, and Housing
Climate Readiness Through Local Planning
CARB Housing and Transportation Project Summary
Community and Economic Development
Human Flourishing
Yolo County Basic Income
Youth Health and Well-Being
Nourishing Futures
Archived Projects
Student Scholars Awards
Ted Bradshaw Student Engaged Scholar Program
Isao Fujimoto Research Award
Tools and Resources
Youth Career Pathways Toolkit for YPAR
Community Futures, Community Lore
Regional Opportunity Index
California General Plan Database Mapping Tool
Research That Matters for Regions",,
marginal_full_text,,2020,Operations Support Specialist,North Carolina State Board of Elections,2526.0,"Operations Support Specialist, North Carolina State Board of Elections— The State Board of Elections oversees the enforcement of federal and state laws, rules, and procedures governing the conduct of elections, voter registration, and campaign finance activities in North Carolina.  Provide operational support to Election Administration, Campaign Finance administration and other business operations","=== JOB DETAILS ===

SALARY: $30,280.00 - $48,058.00 Annually
LOCATION: Wake County, NC
JOB TYPE: Permanent Full-Time
JOB NUMBER: 60088212-12022020
DEPARTMENT: State Board of Elections
DIVISION: State Board of Elections
OPENING DATE: 12/02/2020
CLOSING DATE: 12/10/2020 5:00 PM Eastern
POSITION NUMBER: 60088212
SECTION: Operations
SALARY GRADE: GN06

=== JOB DESCRIPTION ===

Max Salary: Up to $34,461
**Description of work updated 12/3/2020**

Description of Agency:

The State Board of Elections oversees the enforcement of federal and state laws, rules, and procedures governing the conduct of elections, voter registration, and campaign finance activities in North Carolina. 

Primary Purpose of the Organizational Unit: 

Provide operational support to Election Administration, Campaign Finance administration and other business operations.

Primary Purpose of the Position: 

Perform a variety of general office assistant tasks in support of the agency’s administrative operations, especially public contact and providing public assistance..

Description of Duties

Answer and/or route emails in a timely and professional manner. Answer questions of a general nature, including assisting the public with locating voter registration information, polling place hours and locations, acceptable forms of voter identification, online campaign finance data, and county boards of elections contact information. Answer and /or route help desk tickets in a timely and professional manner. Answer and route incoming telephone calls in a timely manner in times of high call volume as directed. Route calls, emails, and tickets based on routing guidelines provided.
 
Assist with receiving, date-stamping, and routing incoming mail to appropriate staff as directed.
 
Assist other divisions of the agency with intake processes as directed, including candidate filing and reporting. 

General knowledge of office practices, techniques and technology sufficient to coordinate support activities for departme",,
marginal_full_text,,2022,"Associate Director, Elections & Voting",Democracy Fund,1140.0,"Associate Director, Elections & Voting, Democracy Fund— Democracy Fund champions leaders and organizations that defend democracy and challenge our political system to be more open and just. We believe that experimentation, learning, and adaptation are key to the health and resilience of any system, whether it is our organization or the American political system. As grantmakers, we focus on listeni","Democracy Fund is an independent and nonpartisan, private foundation that confronts deep-rooted challenges in American democracy while defending against new threats. Since 2014, we have made grants of more than $275 million in support of those working to strengthen our democracy through the pursuit of a vibrant and diverse public square, free and fair elections, effective and accountable government, and a just and inclusive society.
For all regular full-time positions, Democracy Fund offers:
-
A competitive base salary and performance incentive pay
-
A retirement savings plan, including an employer contribution as well as an employer match
-
Comprehensive insurance coverage, including medical, dental, and vision (also covering domestic partners), life and accidental death, and disability
-
Support for professional development and growth
-
A collaborative and inclusive work environment
Democracy Fund is an Equal Opportunity Employer. We welcome and encourage candidates of all ages, colors, ethnic backgrounds, countries of origin, religions, disability statuses, sexual orientations, genders and/or gender identities to apply.",,
marginal_full_text,,2016,"Program Associate, Governance Program",Democracy Fund,1140.0,"Program Associate, Governance Program, Democracy Fund— The Democracy Fund seeks to hire a Program Associate to support our Governance Initiative, which is focused on how we can help major governing institutions to work more effectively in the face of increasing polarization. We are looking for candidates who are passionate about making our political system work better and have a strong understandi","Democracy Fund is an independent and nonpartisan, private foundation that confronts deep-rooted challenges in American democracy while defending against new threats. Since 2014, we have made grants of more than $275 million in support of those working to strengthen our democracy through the pursuit of a vibrant and diverse public square, free and fair elections, effective and accountable government, and a just and inclusive society.
For all regular full-time positions, Democracy Fund offers:
-
A competitive base salary and performance incentive pay
-
A retirement savings plan, including an employer contribution as well as an employer match
-
Comprehensive insurance coverage, including medical, dental, and vision (also covering domestic partners), life and accidental death, and disability
-
Support for professional development and growth
-
A collaborative and inclusive work environment
Democracy Fund is an Equal Opportunity Employer. We welcome and encourage candidates of all ages, colors, ethnic backgrounds, countries of origin, religions, disability statuses, sexual orientations, genders and/or gender identities to apply.",,
marginal_full_text,,2023,Senior Specialist-Voter Services,"Johnson County, Kansas",676.0,"Senior Specialist-Voter Services, Johnson County, Kansas— The Senior Election Specialist – Voter Services will take a lead role on the voter services team within the Election Office. This position will oversee the office’s use of the statewide voter registration system and support other employees in their work within this vital system. This will require attention to detail and the ability to defin","|
We're sorry, but this site is temporarily down for updates. Please try again later. Desculpe-nos, mas o site está temporariamente fora do ar para atualização. Por favor tente novamente mais tarde. Disculpa, el sitio si encuentra en mantenimiento. Dentro de algunos minutos el sitio volverá a estar disponible. Disculpas por las molestias ocasionadas. Nous sommes désolés, mais ce site est en cours de maintenance. Nous nous excusons pour le désagrément encouru et vous prions de bien vouloir revenir nous voir un peu plus tard. Merci de votre comprehension Siamo spiacenti, ma il sito è stato temporaneamente messo fuori linea per degli aggiornamenti. Riprovate piú tardi. |",,
marginal_full_text,,2025,City Clerk,Vernon California,2220.0,"City Clerk, Vernon California– The City Clerk position plans, directs, supervises, and coordinates all activities of the City Clerk’s Office related to Council meetings, City elections, and public records in accordance with applicable laws, codes, policies, and procedures. The City Clerk oversees two full-time staff members: the Deputy City Clerk and Clerk Specialist. This position maintains the C","The City of Vernon is a full-service city of 5.2 square miles located about five miles to the southeast of downtown Los Angeles. Founded in 1905 as the first exclusively industrial city in the Southwestern United States, Vernon is home to 250 residents and has embarked on ambitious plans to increase its residential population and establish itself as an ideal place to live and work. The City currently houses more than 1,800 businesses that employ approximately 50,000 people, serving as a vital economic engine for the Southern California region. Vernon offers an environment uniquely friendly to business and has a diverse industry makeup comprising many Fortune 500 companies in industries that include food and agriculture, apparel, steel, plastics, logistics and home furnishings.
The City Clerk position plans, directs, supervises, and coordinates all activities of the City Clerk’s Office related to Council meetings, City elections, and public records in accordance with applicable laws, codes, policies, and procedures. The City Clerk oversees two full-time staff members: the Deputy City Clerk and Clerk Specialist. This position maintains the City Municipal Code, certifies City documents, and attests to proper execution of all public documents. The City is seeking a detail oriented, thorough, and responsive candidate to serve as the next City Clerk. The ideal candidate is politically astute with excellent customer service. A team player who is approachable and engaged will do well in this role. The next City Clerk must have the ability to research, review, correct, and maintain complex and extensive public records; monitor the City’s compliance with all laws, regulations, and rules; encourage civic engagement; and assess and prioritize multiple tasks, projects, and demands.
The annual salary range for the City Clerk position is $189,584 - $230,441. Placement within this range depends upon qualifications and experience. The City also offers an excellent benefits package.
",,
marginal_full_text,,2019,Director of Elections/General Registrar,Arlington County,1179.0,"Director of Elections/General Registrar, Arlington County, Virginia— This is a four-year term position appointed by the Electoral Board with a starting date of July 1, 2019 and an end date of June 30, 2023. The Arlington County Electoral Board is seeking a Director of Elections/General Registrar to provide professional and technical leadership to the Office of Elections and manage the planning, ov","Pay
New employees start work within the pay range specified in their announcement. Periodic merit increases — up to the range’s maximum — may be given to employees with satisfactory performance.
Merit System Ordinance
Employees in departments under the County Manager’s direction are in the Competitive Service and work under a Merit System Ordinance — a merit-based employee plan for appointment, promotion and separation.
Eligibility for Employment
Newly hired employees must prove their identity and U.S. work eligibility.
Background Check
Newly selected employees must go through a background check and may have to sign an authorization release for Arlington to obtain their background information, which may include:
- Criminal record
- Driving record
- Education
- Professional licenses
- Credit history
Probationary Period
As part of the examination procedure, newly appointed permanent employees and promoted employees serve a probationary period, as noted on their announcement.
Social Security and Workers’ Compensation
The Social Security Act’s Old-Age and Survivors and Disability Insurance Benefits section and the State Workers Compensation Act cover all employees.",,
marginal_full_text,,2019,Research Scientist,MIT Election Data and Science Lab,1252.0,"Research Scientist, MIT Election Data and Science Lab— MEDSL seeks a research scientist  to oversee the data science workflow of the lab’s election-related data collection, processing, and dissemination efforts.  MEDSL aims to improve the democratic experience for all U.S. voters by applying scientific principles to how elections are studied and administered. Responsibilities include assisting the","Working at MIT offers opportunities that just aren’t found anywhere else, including generous and unique benefits that help to ensure that MIT employees are healthy, supported, and enjoy a fulfilling work/life balance. Discover more about what it's like to work at MIT.
We welcome people from all walks of life to bring their talent, ideas, and experience to our community. We value diversity and strongly encourage applications from individuals from all identities and backgrounds – like yours. If you want to be part of our exceptional, multicultural, collaborative, and inclusive community, then take a look at this opportunity.
MIT provides pay ranges representing its good faith estimate of what the Institute reasonably expects to pay for a full time position at the time of posting (if you are applying for a part time salaried job, you will need to prorate the posted pay range). The pay offered to a selected candidate during hiring will be based on factors such as (but not limited to) the scope and responsibilities of the position, the candidate's work experience and education/training, internal peer equity, and applicable legal requirements. This pay range represents base pay only and does not include any other benefits or compensation.",,
junk_full_text,too_short: 260 chars,2017,GIS (Mapping) Specialist,Lee County Supervisor of Elections,260.0,"GIS (Mapping) Specialist, Fort Meyers, Florida — Lee County Supervisor of Elections is seeking a full-time Geographical Information Specialist to maintain our county precinct map.  Using MapInfo in conjunction with our voter registration (Voter Focus).  Successful applicant will help diagnosis system problems, correct or initiate corrective action through other technicians, consultants, vendors, t","Under Florida law, s. 668.6076, F.S., e-mail addresses are public records. If you do not want your e-mail address released in response to a public records request, do not send electronic mail to this entity. Instead, contact this office by phone or in writing.",,
junk_full_text,too_short: 308 chars,2022,Director (Republican),Fulton County Board of Elections,308.0,"Director (Republican), Fulton County, Ohio– To serve as Director of the Fulton County Board of Elections, in the administration of fair, honest and accurate elections. The Director works directly with the Deputy Director and is responsible for the preparation and conduct of all elections held throughout Fulton County: oversees all operations involved in the election process in accordance with Titl","This website is AudioEye enabled and is being optimized for accessibility. To open the AudioEye Toolbar, press ""shift + ="". Some assistive technologies may require the use of a passthrough function before this keystroke. For more information, activate the button labeled ""Explore your accessibility options"".",,
junk_full_text,too_short: 308 chars,2016,Elections Technician,Wayne County,308.0,"Elections Technician, Wayne County, North Carolina  — Installs hardware and software, manages system upgrades, and coordinates with county IT department. Implements upgrades and/or updates to the State Election Information Management Software (SEIMS) as provided by the State Board of Elections. Manages voting equipment to include inventory, preparation of voting equipment and systems for elections","This website is AudioEye enabled and is being optimized for accessibility. To open the AudioEye Toolbar, press ""shift + ="". Some assistive technologies may require the use of a passthrough function before this keystroke. For more information, activate the button labeled ""Explore your accessibility options"".",,
junk_full_text,too_short: 402 chars,2025,Election Administration Manager,Oregon Secretary of State’s Office,402.0,"Election Administration Manager, Oregon Secretary of State’s Office– In this role you will oversee all aspects of the Division’s work related to the technical administration of elections, including voter registration and election management and oversee all compliance-related aspects of the Division’s work on initiative, referendum, referral, and recall processes, candidate filings and qualificatio","That Trail's Gone Cold!
Page Content
Sorry, friend. We’ve lost the page you’re seeking.
Did you follow a link? Use a bookmark? Type in the Web address?
Links and bookmarks may be outdated, URLs get misspelled, or content has been moved or removed.
Get Back on Course
Try our site search at the top right.
Start over on the Home page.
Send us an email and we’ll try and point you in the right direction.",,
junk_full_text,too_short: 154 chars,2023,Policy Associate,National Conference of State Legislatures,154.0,"Policy Associate, National Conference of State Legislatures— NCSL’s Redistricting and Elections program is looking for a dynamic and flexible Policy Associate with demonstrated competence in legislative research and analysis of state election issues, including election administration, restricting, campaign finance and other related policy areas. Specifically, the ideal candidate should be able to ","Please click
here
if you are not redirected within a few seconds.
If you're having trouble accessing Google Search, please
click here
, or send
feedback
.",,
junk_full_text,too_short: 146 chars,2018,Data Manager,The New York City Campaign Finance Board,146.0,"Data Manager, The New York City Campaign Finance Board — the New York City Campaign Finance Board seeks a Data Manager to collect and maintain data related to voter participation, election administration, and campaign finance and serve as the agency’s Open Data Coordinator. This position will report to the Deputy Director of Public Affairs. Responsibilities include: Maintain and document data mana","Server Error
403 - Forbidden: Access is denied.
You do not have permission to view this directory or page using the credentials that you supplied.",,
junk_full_text,error_string: '404',2014,Elections Administrator,Wise County,158.0,"Elections Administrator, Wise County, Texas — position is responsible for the conduct of all non-primary, federal, state, county and contracted elections. Other responsibilities include: Ensuring all elections are accurate; conduct adults of voter registration records; monitoring voter registration activities in compliance with state and federal laws; and supervising elections administrator’s offi","Server Error
404 - File or directory not found.
The resource you are looking for might have been removed, had its name changed, or is temporarily unavailable.",,
junk_full_text,too_short: 146 chars,2019,Global Election Technology and Cybersecurity Advisor,IFES,146.0,"Global Election Technology and Cybersecurity Advisor, IFES — IFES seeks a Global Election Technology and Cybersecurity Advisor to counter evolving threats to democratic processes stemming from changes in election technology and cyber vulnerabilities. This individual will work closely with frontline defenders and elections experts around the world to help democratic institutions flourish in the fac","Server Error
403 - Forbidden: Access is denied.
You do not have permission to view this directory or page using the credentials that you supplied.",,
junk_full_text,too_short: 402 chars,2019,Investigations and Legal Specialist,Oregon Secretary of State’s Office,402.0,"Investigations and Legal Specialist, Oregon Secretary of State’s Office–The Oregon Secretary of State is seeking applicants for an Investigations and Legal Specialist to support and assist the Elections Division. The work in this division is neutral and non-partisan, but often fast paced with a wide variety of responsibilities, tasks, and projects. The successful applicant will be primarily respon","That Trail's Gone Cold!
Page Content
Sorry, friend. We’ve lost the page you’re seeking.
Did you follow a link? Use a bookmark? Type in the Web address?
Links and bookmarks may be outdated, URLs get misspelled, or content has been moved or removed.
Get Back on Course
Try our site search at the top right.
Start over on the Home page.
Send us an email and we’ll try and point you in the right direction.",,
junk_full_text,too_short: 116 chars,2022,Deputy Elections Counsel,Ohio Secretary of State,116.0,"Deputy Elections Counsel, Ohio Secretary of State— Under general direction of Senior Elections Counsel; serves as counsel for all Secretary of State (SOS) divisions on elections related laws; drafts, reviews & edits directives, advisories, memoranda & other elections materials; advises SOS divisional personnel on all aspects of elections-related law; prepares reports (e.g., division activity); pro","For applicant support and additional information about employment with the State of Ohio, return to Careers.Ohio.Gov",,
junk_full_text,too_short: 286 chars,2019,Assurance Engineer,Free & Fair,286.0,"Assurance Engineer, Free & Fair — Free & Fair (F&F) seeks an experienced assurance engineer—a developer who is thrilled to work on high-assurance open source elections technologies that demonstrate what is possible with modern applied formal methods-based development processes, methodologies, tools, and techniques. Our focus on national critical infrastructure, transparent engineering, and formal ","Home
Projects
VoteSecure SDK: Mobile Voting Core Cryptography
ElectionGuard SDK: End-to-End Verifiable Voting
DARPA SSITH Secure Hardware Demo
Risk Limiting Audits
Qubie, the poll queue monitor
About
Blog
In the News
Articles
Contact
Search
Privacy Preference Center
Privacy Preferences",,
junk_full_text,too_short: 161 chars,2015,Elections Administrator,Grays Harbor County,161.0,"Elections Administrator, Grays Harbor County, Washington — the Election Administrator is responsible for all aspects of elections, voter registration, and supervision of other election workers for federal, state, and local elections occurring within Grays Harbor County. Salary: $3,761-$4,560. Deadline: Open until filled. Application: For the complete job listing and to apply click here. For questi","latest newssee all news
09-11-2025
Bridge Postings and Closures
09-11-2025
Comprehensive Land Use Plan Update
09-10-2025
Notice of Vacancies - Volunteers Needed!",,
junk_full_text,too_short: 234 chars,2012,Communications Manager,Pew Center on the States,234.0,"Communications Manager, Pew Center on the States, Washington, D.C. – position offers a unique opportunity for an individual to contribute to exciting, high-profile initiatives. This position, based in Pew’s Washington, D.C. office, reports to the Pew Center on the States’ Senior Officer, Communications and is part of the staff of Pew’s communications department. The communications manager is respo","https://jobs-pct.icims.com/This site is unavailable.If you believe this is in error, please contact the HR department of the organization you were attempting to apply to.For other job seeker related questions, please see our FAQ here.",,
junk_full_text,error_string: '404',2021,Deputy Elections Administrator,Dallas County,554.0,"Deputy Elections Administrator, Dallas County, Texas— Assists with the direction and oversight of absentee mail voting, early voting, and election day voting for 1.1 million registered voters; ensures the voter registration rolls are accurate and complete; and assists in the oversight of the campaign finance files for candidates and office holders. Coordinates with the County IT Department in mana","Error 404--Not Found |
From RFC 2068 Hypertext Transfer Protocol -- HTTP/1.1:10.4.5 404 Not FoundThe server has not found anything matching the Request-URI. No indication is given of whether the condition is temporary or permanent. If the server does not wish to make this information available to the client, the status code 403 (Forbidden) can be used instead. The 410 (Gone) status code SHOULD be used if the server knows, through some internally configurable mechanism, that an old resource is permanently unavailable and has no forwarding address. |",,
junk_full_text,too_short: 341 chars,2011,Assistant City Clerk,Minneapolis,341.0,"Assistant City Clerk, Minneapolis — direct, manage, organize, coordinate, plan and conduct accurate, timely and efficient local state and federal elections within the corporate boundaries of the City of Minneapolis. Supervise all elections staff, seasonal/temporary personnel, election judges, interns and others, and all related activities, and participate in voter outreach and engagement strategie","Jobs at the City
We depend on our dedicated and talented employees at the City of Minneapolis. Learn more about working with us.
Serving Communities. Building Careers.
I want to
Explore this section
Contact us
Human Resources
Phone
Address
City Hall350 S. 5th St., Room 1
Minneapolis, MN 55415
Office hours
8 a.m. – 4:30 p.m.
Monday – Friday",,
stub_only,,2012,Temporary Elections Assistant,Hennepin County,,"Temporary Elections Assistant, Hennepin County, Minn. — assist Terri Garner
<
>
",,,
stub_only,,2011,Election Protection Coordinator,The Lawyer’s Committee,,"Election Protection Coordinator, The Lawyer’s Committee, Washington, D.C. kcoates@lawyerscommittee.org Deadline:Oct. 7.",,,
stub_only,,2011,,,,"Aug. 30, 2011.",,,
stub_only,,2011,IT Specialist,Federal Voting Assistance Program,,"IT Specialist, Federal Voting Assistance Program
<
>
",,,
stub_only,,2011,,,,mmoretti@electionline.org. Job postings must be received by 5pm on Wednesday in order to appear in the Thursday newsletter. Listings will run for three weeks or till the deadline listed in the posting.,,,
